Date,Operating_Income,State_0,State_1
2020-01-03,110.5119929309308,0.014524200552928655,0.9854757994470724
2020-01-06,110.24791960870613,0.004845404722906137,0.9951545952770948
2020-01-07,110.16058435791236,0.0011112469835985064,0.9988887530164026
2020-01-08,110.07359370209251,0.0006670088882485542,0.9993329911117524
2020-01-09,109.98694764124657,0.0008669801363969337,0.9991330198636043
2020-01-10,109.90064617537453,0.0024662849294041617,0.997533715070597
2020-01-13,109.64380934760183,0.0009819592793184886,0.9990180407206827
2020-01-14,109.5588862616254,0.0002578264046735061,0.9997421735953277
2020-01-15,109.4743077706229,0.00020354386234842123,0.9997964561376528
2020-01-16,109.3900738745943,0.000436005786197767,0.9995639942138035
2020-01-17,109.30618457353958,0.001775986912249972,0.9982240130877513
2020-01-20,109.0565842402189,0.0007563967229559256,0.9992436032770455
2020-01-21,108.9740733190598,0.00020060660377154487,0.9997993933962299
2020-01-22,108.89190699287461,0.00015855869228503165,0.9998414413077163
2020-01-23,108.81008526166335,0.00035118789558747715,0.9996488121044139
2020-01-24,108.72860812542596,0.0014715736884812825,0.9985284263115202
2020-01-27,108.48624428655727,0.0006543900268175784,0.9993456099731839
2020-01-28,108.40614553021551,0.0001722225658512688,0.99982777743415
2020-01-29,108.32639136884767,0.00013159986681649587,0.9998684001331846
2020-01-30,108.24698180245373,0.0002892131908826689,0.9997107868091185
2020-01-31,108.16791683103366,0.0012261968235705923,0.9987738031764305
2020-02-03,107.932789486617,0.0005723141931981575,0.999427685806803
2020-02-04,107.85510289509256,0.0001501807496563828,0.9998498192503448
2020-02-05,107.77776089854204,0.00011073691008206421,0.9998892630899192
2020-02-06,107.70076349696541,0.0002392299227348158,0.9997607700772665
2020-02-07,107.62411069036271,0.001023117415589205,0.998976882584412
2020-02-10,107.396219840398,0.0005042165911301117,0.9994957834088712
2020-02-11,107.32094541369091,0.00013256980763064348,0.9998674301923707
2020-02-12,107.24601558195774,9.43187557020772e-05,0.9999056812442991
2020-02-13,107.17143034519846,0.00019865782637910618,0.999801342173622
2020-02-14,107.09718970341305,0.0008547505486572499,0.9991452494513439
2020-02-17,106.87653534790037,0.00044722031636798933,0.9995527796836332
2020-02-18,106.8036730860106,0.00011831547032000062,0.9998816845296814
2020-02-19,106.73115541909476,8.128111267913318e-05,0.9999187188873223
2020-02-20,106.6589823471528,0.00016561199296690987,0.9998343880070344
2020-02-21,106.58715387018476,0.0007150252562079152,0.9992849747437933
2020-02-24,106.37373600912404,0.0003990949487887894,0.9996009050512125
2020-02-25,106.30328591205163,0.00010662678576435088,0.9998933732142369
2020-02-26,106.23318040995312,7.083678889170448e-05,0.9999291632111094
2020-02-27,106.16341950282849,0.00013861850338836825,0.9998613814966127
2020-02-28,106.09400319067778,0.0005989679692279729,0.9994010320307732
2020-03-02,105.88782182406906,0.0003580772691865042,0.9996419227308148
2020-03-03,105.81978389181397,9.691202690466945e-05,0.9999030879730965
2020-03-04,105.75209055453278,6.239666119094994e-05,0.9999376033388101
2020-03-05,105.6847418122255,0.00011651429729628095,0.9998834857027047
2020-03-06,105.61773766489213,0.0005024906338439493,0.9994975093661568
2020-03-09,105.41879279273542,0.0003227696425145792,0.9996772303574862
2020-03-10,105.35316702529764,8.87251485120301e-05,0.9999112748514889
2020-03-11,105.2878858528338,5.5516218314920356e-05,0.999944483781686
2020-03-12,105.22294927534385,9.83752839706965e-05,0.9999016247160303
2020-03-13,105.15835729282777,0.0004222255528145375,0.9995777744471863
2020-03-16,104.96664891512307,0.00029206332946414245,0.9997079366705368
2020-03-17,104.90343531250264,8.172772458717307e-05,0.9999182722754137
2020-03-18,104.84056630485614,4.9857459683664445e-05,0.9999501425403172
2020-03-19,104.77804189218351,8.346282767392885e-05,0.9999165371723268
2020-03-20,104.71586207448479,0.0003553938088323201,0.9996446061911682
2020-03-23,104.53139019123208,0.00026507943786140283,0.9997349205621391
2020-03-24,104.47058875342897,7.566159307244056e-05,0.9999243384069281
2020-03-25,104.41013191059977,4.516150381943872e-05,0.9999548384961812
2020-03-26,104.3500196627445,7.118345162154797e-05,0.9999288165483791
2020-03-27,104.29025200986311,0.0002996994923386764,0.999700300507662
2020-03-30,104.1130166210624,0.000241122876918355,0.9997588771230824
2020-03-31,104.05462734807664,7.032901631181661e-05,0.9999296709836888
2020-04-01,103.99658267006477,4.122873996208901e-05,0.9999587712600386
2020-04-02,103.93888258702681,6.105817275786223e-05,0.999938941827243
2020-04-03,103.88152709896278,0.0002532440460645181,0.9997467559539363
2020-04-06,103.71152820461405,0.00021964601876484343,0.9997803539812361
2020-04-07,103.65555109644559,6.557815141439655e-05,0.9999344218485865
2020-04-08,103.59991858325108,3.7904327651012084e-05,0.9999620956723496
2020-04-09,103.54463066503047,5.269893022299964e-05,0.9999473010697777
2020-04-10,103.48968734178376,0.00021445648423237818,0.9997855435157683
2020-04-13,103.32692494188703,0.0002002196979836991,0.9997997803020169
2020-04-14,103.27335999853592,6.129229729029227e-05,0.9999387077027102
2020-04-15,103.22013965015873,3.506751342981316e-05,0.9999649324865706
2020-04-16,103.16726389675544,4.579029609522495e-05,0.9999542097039053
2020-04-17,103.11473273832605,0.00018203627394155873,0.9998179637260591
2020-04-20,102.95920683288132,0.00018250983070385783,0.9998174901692969
2020-04-21,102.90805405434756,5.73818475572353e-05,0.9999426181524436
2020-04-22,102.8572458707877,3.262369128341616e-05,0.9999673763087173
2020-04-23,102.80678228220174,4.0075162386922985e-05,0.9999599248376138
2020-04-24,102.75666328858969,0.00015490640967804955,0.9998450935903226
2020-04-27,102.60837387759695,0.00016625839651932968,0.9998337416034814
2020-04-28,102.55963326388051,5.377819804494988e-05,0.9999462218019556
2020-04-29,102.511237245138,3.0498450029373374e-05,0.9999695015499711
2020-04-30,102.46318582136938,3.534345302672172e-05,0.9999646565469738
2020-05-01,102.41547899257466,0.00013217475646825721,0.9998678252435322
2020-05-04,102.27442607603389,0.0001512678569650697,0.9998487321430354
2020-05-05,102.22809762713483,5.042907941896021e-05,0.9999495709205813
2020-05-06,102.18211377320961,2.863307106629558e-05,0.999971366928934
2020-05-07,102.13647451425832,3.142316059976894e-05,0.9999685768394004
2020-05-08,102.09117985028094,0.00011310214223934827,0.9998868978577609
2020-05-11,101.9573634281922,0.00013738832259948815,0.9998626116774008
2020-05-12,101.91344714411042,4.7294940037850836e-05,0.9999527050599625
2020-05-13,101.86987545500256,2.6981093711586984e-05,0.9999730189062888
2020-05-14,101.8266483608686,2.817318679680134e-05,0.9999718268132035
2020-05-15,101.78376586170855,9.707598594960808e-05,0.9999029240140508
2020-05-18,101.6571859340718,0.00012450695356783226,0.9998754930464325
2020-05-19,101.61568181480736,4.4346112323191925e-05,0.9999556538876773
2020-05-20,101.57452229051684,2.550567333349986e-05,0.9999744943266669
2020-05-21,101.53370736120021,2.547759459362311e-05,0.999974522405407
2020-05-22,101.4932370268575,8.358848287465516e-05,0.9999164115171258
2020-05-25,101.37389359367275,0.00011253920419475902,0.9998874607958058
2020-05-26,101.33480163922563,4.156057186030101e-05,0.9999584394281403
2020-05-27,101.29605427975244,2.4177533634074946e-05,0.9999758224663665
2020-05-28,101.25765151525316,2.3240974086652384e-05,0.999976759025914
2020-05-29,101.21959334572777,7.221855139394119e-05,0.9999277814486068
2020-06-01,101.10748640699501,0.00010142161344517961,0.9998985783865556
2020-06-02,101.07080661736525,3.8922151909768e-05,0.999961077848091
2020-06-03,101.03447142270937,2.297336842162155e-05,0.9999770266315791
2020-06-04,100.99848082302742,2.1384692947410235e-05,0.9999786153070535
2020-06-05,100.96283481831937,6.261689014884705e-05,0.999937383109852
2020-06-08,100.8579643740386,9.11059090363809e-05,0.9999088940909645
2020-06-09,100.82369674922617,3.641911371733773e-05,0.9999635808862836
2020-06-10,100.78977371938763,2.1874586683649572e-05,0.9999781254133173
2020-06-11,100.75619528452302,1.984385377897233e-05,0.9999801561462219
2020-06-12,100.72296144463228,5.4493610068605674e-05,0.9999455063899323
2020-06-15,100.62532749480353,8.155424013708593e-05,0.9999184457598639
2020-06-16,100.59347203480843,3.404299962181207e-05,0.9999659570003792
2020-06-17,100.56196116978722,2.086632234669683e-05,0.9999791336776542
2020-06-18,100.53079489973993,1.856481923608495e-05,0.9999814351807648
2020-06-19,100.49997322466655,4.7607999233611876e-05,0.9999523920007671
2020-06-22,100.40957576928976,7.273538680843627e-05,0.9999272646131923
2020-06-23,100.380132474112,3.178771472668193e-05,0.9999682122852739
2020-06-24,100.35103377390813,1.9936649992015815e-05,0.9999800633500087
2020-06-25,100.32227966867816,1.750319509689341e-05,0.9999824968049038
2020-06-26,100.29387015842211,4.176005478160353e-05,0.999958239945219
2020-06-29,100.21070919749735,6.462181734135457e-05,0.9999353781826592
2020-06-30,100.18367806713691,2.964879610054293e-05,0.9999703512039
2020-07-01,100.15699153175036,1.9075962222202893e-05,0.9999809240377784
2020-07-02,100.13064959133774,1.6622184008952472e-05,0.9999833778159917
2020-07-03,100.10465224589902,3.678347866147713e-05,0.9999632165213392
2020-07-06,100.02872777942626,5.718748033481132e-05,0.999942812519666
2020-07-07,100.00410881388315,2.7622837725215115e-05,0.9999723771622755
2020-07-08,99.97983444331393,1.8276474908714905e-05,0.999981723525092
2020-07-09,99.95590466771864,1.5891240123172167e-05,0.9999841087598775
2020-07-10,99.93231948709725,3.2539885705308e-05,0.9999674601142955
2020-07-13,99.86363151507646,5.0406229039629336e-05,0.9999495937709613
2020-07-14,99.84142471435071,2.5707045874681054e-05,0.999974292954126
2020-07-15,99.81956250859885,1.753183429792727e-05,0.9999824681657026
2020-07-16,99.79804489782087,1.5284968532104965e-05,0.9999847150314685
2020-07-17,99.7768718820168,2.8914015289024656e-05,0.9999710859847116
2020-07-20,99.71542040444805,4.4250783014933726e-05,0.9999557492169858
2020-07-21,99.69562576853959,2.3898904125311518e-05,0.9999761010958754
2020-07-22,99.67617572760504,1.6836805694504456e-05,0.9999831631943064
2020-07-23,99.65707028164442,1.478222425072955e-05,0.9999852177757501
2020-07-24,99.63830943065767,2.5809773386381635e-05,0.9999741902266146
2020-07-27,99.5840944475409,3.869213793826869e-05,0.9999613078620627
2020-07-28,99.56671197644981,2.2195930376963073e-05,0.9999778040696239
2020-07-29,99.54967410033261,1.6187027731857276e-05,0.999983812972269
2020-07-30,99.5329808191893,1.4365374085372151e-05,0.9999856346259157
2020-07-31,99.51663213301991,2.3146961364980775e-05,0.9999768530386363
2020-08-03,99.46965364435513,3.369933957429661e-05,0.9999663006604268
2020-08-04,99.45468333808135,2.059551055644165e-05,0.9999794044894447
2020-08-05,99.44005762678148,1.5578819479705847e-05,0.9999844211805213
2020-08-06,99.4257765104555,1.4019691622667829e-05,0.9999859803083783
2020-08-07,99.41183998910344,2.0858572453062196e-05,0.9999791414275478
2020-08-10,99.37209799489067,2.923954321694958e-05,0.9999707604567841
2020-08-11,99.35953985343423,1.909479540150252e-05,0.9999809052045996
2020-08-12,99.34732630695167,1.500903011419211e-05,0.9999849909698868
2020-08-13,99.33545735544305,1.3732861107511797e-05,0.9999862671388935
2020-08-14,99.32393299890832,1.8888557248733773e-05,0.9999811114427523
2020-08-17,99.29142749914753,2.5278285849696348e-05,0.9999747217141512
2020-08-18,99.28128152250842,1.7690648121706133e-05,0.999982309351879
2020-08-19,99.2714801408432,1.4474922795345299e-05,0.9999855250772056
2020-08-20,99.26202335415189,1.3494570447900683e-05,0.9999865054295529
2020-08-21,99.25291116243449,1.718997664484196e-05,0.9999828100233559
2020-08-24,99.22764215712573,2.1779905057091666e-05,0.9999782200949437
2020-08-25,99.21990834530393,1.6379631956837453e-05,0.999983620368044
2020-08-26,99.21251912845607,1.3974085908170872e-05,0.9999860259140927
2020-08-27,99.20547450658209,1.3296177203840676e-05,0.9999867038227972
2020-08-28,99.19877447968202,1.5723474665996997e-05,0.9999842765253347
2020-08-31,99.18074196882523,1.870804637649384e-05,0.9999812919536244
2020-09-01,99.17542032182078,1.5158027810793088e-05,0.9999848419721901
2020-09-02,99.17044326979024,1.350436603635283e-05,0.9999864956339647
2020-09-03,99.16581081273361,1.3130434356660704e-05,0.9999868695656444
2020-09-04,99.16152295065086,1.4456015438630473e-05,0.9999855439845625
2020-09-07,99.15072693424608,1.602620914893896e-05,0.999983973790852
2020-09-08,99.14781745205899,1.4021873283865276e-05,0.9999859781267171
2020-09-09,99.14525256484576,1.306381802771636e-05,0.9999869361819733
2020-09-10,99.14303227260643,1.2991265046357618e-05,0.9999870087349546
2020-09-11,99.14115657534104,1.3359838236859473e-05,0.9999866401617643
2020-09-14,99.13759705338826,1.3698289743957729e-05,0.9999863017102573
2020-09-15,99.13709973601847,1.2967015583632773e-05,0.9999870329844175
2020-09-16,99.13694701362259,1.2650668333613586e-05,0.9999873493316676
2020-09-17,99.13713888620063,1.2873577415628973e-05,0.9999871264225856
2020-09-18,99.13767535375253,1.2411592599420786e-05,0.9999875884074017
2020-09-21,99.14135232625176,1.1689089954268785e-05,0.9999883109100468
2020-09-22,99.1432671736993,1.1989171962068281e-05,0.9999880108280389
2020-09-23,99.14552661612075,1.226328849793945e-05,0.999987736711503
2020-09-24,99.14813065351612,1.2773112293214835e-05,0.9999872268877077
2020-09-25,99.15107928588536,1.1591622176286787e-05,0.9999884083778245
2020-09-28,99.16199275283658,9.964767030867097e-06,0.9999900352329698
2020-09-29,99.16631976510145,1.1083992487026834e-05,0.9999889160075136
2020-09-30,99.17099137234024,1.190017626161815e-05,0.9999880998237389
2020-10-01,99.17600757455295,1.2686317754161669e-05,0.9999873136822464
2020-10-02,99.18136837173954,1.088337147223157e-05,0.9999891166285284
2020-10-05,99.19951833314272,8.493209920738918e-06,0.9999915067900796
2020-10-06,99.20625751022494,1.024712108052609e-05,0.9999897528789198
2020-10-07,99.21334128228106,1.1559942254496808e-05,0.999988440057746
2020-10-08,99.2207696493111,1.2610245666406086e-05,0.9999873897543342
2020-10-09,99.228542611315,1.0272894203077972e-05,0.9999897271057975
2020-10-12,99.2539290671702,7.244333501316993e-06,0.9999927556664994
2020-10-13,99.26308040906976,9.474251816541402e-06,0.9999905257481841
2020-10-14,99.27257634594321,1.1241300678636475e-05,0.9999887586993218
2020-10-15,99.28241687779057,1.2542466213598002e-05,0.9999874575337867
2020-10-16,99.29260200461182,9.748445735340289e-06,0.999990251554265
2020-10-19,99.32522495491902,6.190288772109144e-06,0.9999938097112282
2020-10-20,99.33678846163589,8.761178436232034e-06,0.999991238821564
2020-10-21,99.34869656332668,1.0943062755940032e-05,0.9999890569372443
2020-10-22,99.36094925999137,1.248099711129835e-05,0.9999875190028887
2020-10-23,99.37354655162996,9.300145175950558e-06,0.9999906998548242
2020-10-26,99.41340599638916,5.305591945074171e-06,0.999994694408055
2020-10-27,99.42738166792337,8.103835887279775e-06,0.9999918961641128
2020-10-28,99.44170193443148,1.0664132023657628e-05,0.9999893358679766
2020-10-29,99.4563667959135,1.2424244833558422e-05,0.9999875757551667
2020-10-30,99.47137625236942,8.9196952308733e-06,0.9999910803047695
2020-11-02,99.51847219158061,4.567179135874564e-06,0.9999954328208646
2020-11-03,99.53486002793215,7.498333409278174e-06,0.999992501666591
2020-11-04,99.5515924592576,1.0403500819694476e-05,0.9999895964991807
2020-11-05,99.56866948555695,1.2370955664907888e-05,0.9999876290443355
2020-11-06,99.58609110683021,8.600150054989373e-06,0.9999913998499456
2020-11-09,99.6404235404934,3.954395938640345e-06,0.9999960456040619
2020-11-10,99.65922354166227,6.940979262197666e-06,0.9999930590207383
2020-11-11,99.67836813780507,1.0160247511031428e-05,0.9999898397524895
2020-11-12,99.69785732892176,1.2320174805701133e-05,0.9999876798251947
2020-11-13,99.71769111501233,8.335723047978862e-06,0.9999916642769522
2020-11-16,99.77926004312752,3.4489326702739633e-06,0.99999655106733
2020-11-17,99.80047220911374,6.4282976302891195e-06,0.9999935717023699
2020-11-18,99.82202897007384,9.93353418652117e-06,0.9999900664658137
2020-11-19,99.84393032600785,1.2271212102018412e-05,0.9999877287878982
2020-11-20,99.86617627691578,8.121627978884443e-06,0.9999918783720214
2020-11-23,99.93498169948299,3.0347166445287478e-06,0.9999969652833556
2020-11-24,99.95860603028652,5.957038537616071e-06,0.9999940429614624
2020-11-25,99.98257495606396,9.722604666733578e-06,0.9999902773953334
2020-11-26,100.0068884768153,1.2223613257359948e-05,0.9999877763867429
2020-11-27,100.03154659254055,7.95394799855476e-06,0.9999920460520016
2020-11-30,100.10758850955973,2.6977726551377257e-06,0.9999973022273451
2020-12-01,100.1336250051806,5.524181796887082e-06,0.9999944758182033
2020-12-02,100.16000609577537,9.526782782066634e-06,0.9999904732172181
2020-12-03,100.18673178134405,1.2177135621489632e-05,0.9999878228643787
2020-12-04,100.21380206188664,7.829528069001903e-06,0.9999921704719311
2020-12-07,100.29708047335784,2.4260620952521157e-06,0.999997573937905
2020-12-08,100.32552913379604,5.126936099412923e-06,0.9999948730639008
2020-12-09,100.35432238920815,9.345470943885268e-06,0.9999906545290563
2020-12-10,100.38346023959417,1.213172785784962e-05,0.9999878682721426
2020-12-11,100.41294268495407,7.7458871787645e-06,0.9999922541128218
2020-12-14,100.50345759087725,2.2093100541954804e-06,0.9999977906899463
2020-12-15,100.53431841613279,4.762734823634292e-06,0.9999952372651769
2020-12-16,100.56552383636222,9.17815292914099e-06,0.9999908218470714
2020-12-17,100.59707385156557,1.2087528562335235e-05,0.9999879124714381
2020-12-18,100.62896846174283,7.701220352811847e-06,0.9999922987796476
2020-12-21,100.726719862118,2.0389301512242544e-06,0.9999979610698493
2020-12-22,100.75999285219088,4.430026770800713e-06,0.9999955699732298
2020-12-23,100.79361043723765,9.031282974285568e-06,0.9999909687170262
2020-12-24,100.82757261725834,1.2072262609944318e-05,0.9999879277373906
2020-12-25,100.86187939225292,7.82206078365081e-06,0.9999921779392168
2020-12-28,100.96686728708009,2.0755547941466487e-06,0.9999979244452063
2020-12-29,101.0025524419703,5.511408735245029e-06,0.9999944885912652
2020-12-30,101.0385821918344,8.102831592986509e-06,0.9999918971684074
2020-12-31,101.10918114143921,8.088029902946826e-06,0.9999919119700975
2021-01-01,101.11167547648432,2.036492337348448e-05,0.9999796350766271
2021-01-04,101.2238998657635,3.870672999256149e-06,0.9999961293270014
2021-01-05,101.26199718547103,3.6043517681503154e-06,0.9999963956482323
2021-01-06,101.30043910015247,8.709357243093835e-06,0.9999912906427574
2021-01-07,101.33922560980781,1.1948929041289118e-05,0.9999880510709592
2021-01-08,101.37835671443703,7.787100035084859e-06,0.9999922128999653
2021-01-11,101.49781759816821,1.7378407803510094e-06,0.9999982621592199
2021-01-12,101.53832708269309,3.592290228580508e-06,0.9999964077097716
2021-01-13,101.57918116219184,8.641024551134645e-06,0.9999913589754492
2021-01-14,101.62037983666453,1.193041176167607e-05,0.9999880695882387
2021-01-15,101.6619231061111,7.891881277122912e-06,0.9999921081187234
2021-01-18,101.78862048429428,1.6917953272368077e-06,0.9999983082046733
2021-01-19,101.83154213363649,3.3621899386657077e-06,0.9999966378100619
2021-01-20,101.87480837795259,8.538591747759397e-06,0.9999914614082528
2021-01-21,101.91841921724257,1.1899273532958827e-05,0.9999881007264675
2021-01-22,101.9623746515065,8.031243290659513e-06,0.9999919687567098
2021-01-25,102.09630852414166,1.6661214918187683e-06,0.9999983338785087
2021-01-26,102.1416423383012,3.153821244116291e-06,0.9999968461787565
2021-01-27,102.18732074743463,8.448639992561541e-06,0.9999915513600081
2021-01-28,102.23334375154197,1.1873100531680189e-05,0.9999881268994689
2021-01-29,102.2797113506232,8.208490596712396e-06,0.9999917915094042
2021-02-01,102.42088171771039,1.65878935919505e-06,0.9999983412106417
2021-02-02,102.46862769668726,2.966064354283934e-06,0.9999970339356467
2021-02-03,102.51671827063802,8.371250505235865e-06,0.9999916287494959
2021-02-04,102.56515343956268,1.1852990896905721e-05,0.9999881470091042
2021-02-05,102.61393320346126,8.424965254579095e-06,0.9999915750347467
2021-02-08,102.76234006500042,1.667918582376612e-06,0.9999983320814189
2021-02-09,102.81249820879462,2.7978256688871426e-06,0.9999972021743322
2021-02-10,102.86300094756272,8.30656992845587e-06,0.9999916934300729
2021-02-11,102.91384828130471,1.1840160150278542e-05,0.999988159839851
2021-02-12,102.96504021002062,8.682427481231744e-06,0.99999131757252
2021-02-15,103.12068356601179,1.6921492269736077e-06,0.9999983078507741
2021-02-16,103.17325387462331,2.6481620741325807e-06,0.9999973518379269
2021-02-17,103.22616877820874,8.254850878879695e-06,0.9999917451491224
2021-02-18,103.27942827676807,1.1835958216859786e-05,0.9999881640417845
2021-02-19,103.33303237030132,8.98306757606228e-06,0.9999910169324253
2021-02-22,103.49591222074447,1.7305730007174785e-06,0.9999982694270007
2021-02-23,103.55089469417334,2.516278441653609e-06,0.9999974837215596
2021-02-24,103.6062217625761,8.216462368363818e-06,0.999991783537633
2021-02-25,103.66189342595277,1.1841877408142422e-05,0.9999881581225932
2021-02-26,103.71790968430335,9.329521919669141e-06,0.9999906704780817
2021-03-01,103.8880260291985,1.782677271445254e-06,0.99999821732273
2021-03-02,103.9454206674447,2.401527106650101e-06,0.9999975984728947
2021-03-03,104.00315990066478,8.191902431123017e-06,0.9999918080975702
2021-03-04,104.06124372885878,1.1859563421966355e-05,0.9999881404365794
2021-03-05,104.11967215202668,9.724894712394395e-06,0.9999902751052889
2021-03-08,104.29702499137386,1.8483012106343287e-06,0.9999981516987906
2021-03-09,104.35683179443738,2.3034096086366e-06,0.9999976965903927
2021-03-10,104.41698319247482,8.181813297607736e-06,0.9999918181867038
2021-03-11,104.47747918548615,1.189082967260278e-05,0.9999881091703287
2021-03-12,104.53831977347139,1.0172785523483803e-05,0.9999898272144777
2021-03-15,104.72290910727054,1.927603108620155e-06,0.9999980723968924
2021-03-16,104.78512807515139,2.2215809191300737e-06,0.999997778419082
2021-03-17,104.84769163800614,8.18699949491502e-06,0.9999918130005063
2021-03-18,104.9105997958348,1.193767532505582e-05,0.9999880623246761
2021-03-19,104.97385254863738,1.0677322857487631e-05,0.9999893226771436
2021-03-22,105.16567837688852,2.021038016795993e-06,0.9999979789619843
2021-03-23,105.23030950958672,2.155856440528502e-06,0.9999978441435606
2021-03-24,105.29528523725881,8.208449333187984e-06,0.9999917915506678
2021-03-25,105.36060555990481,1.2002307491510005e-05,0.9999879976925096
2021-03-26,105.42627047752471,1.1243204094782555e-05,0.9999887567959064
2021-03-29,105.62533280022787,2.129345038717068e-06,0.9999978706549625
2021-03-30,105.69237609774336,2.106222146200167e-06,0.9999978937778551
2021-03-31,105.7597639902328,8.247360338510548e-06,0.9999917526396628
2021-04-01,105.82749647769613,1.2087168154228817e-05,0.9999879128318471
2021-04-02,105.89557356013337,1.1875742337760043e-05,0.9999881242576635
2021-04-05,106.1018723772885,2.253543806576593e-06,0.9999977464561947
2021-04-06,106.17132783962137,2.0728483460170767e-06,0.9999979271516553
2021-04-07,106.24112789692812,8.305169319078224e-06,0.9999916948306822
2021-04-08,106.3112725492088,1.2194966511215447e-05,0.9999878050334902
2021-04-09,106.38176179646335,1.2580920901454097e-05,0.9999874190790998
2021-04-12,106.5952971080705,2.3949399365525117e-06,0.9999976050600647
2021-04-13,106.66716473522068,2.0561077088801935e-06,0.9999979438922924
2021-04-14,106.73937695734477,8.383587910976074e-06,0.9999916164120902
2021-04-15,106.81193377444278,1.2328717608552999e-05,0.9999876712823927
2021-04-16,106.88483518651468,1.3365456439866123e-05,0.9999866345435614
2021-04-19,107.10560699257381,2.5551395554177413e-06,0.999997444860446
2021-04-20,107.17988678454132,2.0565983600976217e-06,0.9999979434016414
2021-04-21,107.25451117148276,8.484644650637164e-06,0.9999915153553509
2021-04-22,107.32948015339808,1.2491788336346367e-05,0.9999875082116654
2021-04-23,107.40479373028732,1.4236872014694203e-05,0.9999857631279869
2021-04-26,107.63280203079844,2.7360733366898264e-06,0.9999972639266649
2021-04-27,107.70949398758329,2.075173106590552e-06,0.9999979248268952
2021-04-28,107.78653053934205,8.610734874588384e-06,0.9999913892651273
2021-04-29,107.86391168607472,1.2687952135106397e-05,0.9999873120478668
2021-04-30,107.94163742778129,1.5203581806398767e-05,0.9999847964181956
2021-05-03,108.17688222274441,2.940030885390414e-06,0.9999970599691166
2021-05-04,108.2559863443466,2.1129761374319107e-06,0.9999978870238644
2021-05-05,108.33543506092269,8.764680067745295e-06,0.999991235319934
2021-05-06,108.41522837247268,1.2921454103588498e-05,0.9999870785458982
2021-05-07,108.49536627899658,1.627498966604098e-05,0.9999837250103358
2021-05-10,108.7378475684117,3.169706781935205e-06,0.9999968302932197
2021-05-11,108.81936385483121,2.171488918016359e-06,0.9999978285110838
2021-05-12,108.90122473622463,8.94979868920304e-06,0.9999910502013123
2021-05-13,108.98343021259195,1.3197088637601364e-05,0.999986802911364
2021-05-14,109.0659802839332,1.7461604336601427e-05,0.999982538395665
2021-05-17,109.31569806780031,3.4282601575134477e-06,0.999996571739844
2021-05-18,109.39962651903717,2.252587462842852e-06,0.9999977474125386
2021-05-19,109.48389956524791,9.169991021998322e-06,0.9999908300089795
2021-05-20,109.56851720643259,1.3520292288021856e-05,0.9999864797077134
2021-05-21,109.65347944259113,1.877517497354223e-05,0.999981224825028
2021-05-24,109.91043372091026,3.719390353961853e-06,0.9999962806096477
2021-05-25,109.99677433696445,2.358613761963506e-06,0.9999976413862396
2021-05-26,110.08345954799253,9.429841254710415e-06,0.999990570158747
2021-05-27,110.17048935399453,1.3897255240438874e-05,0.9999861027447614
2021-05-28,110.25786375497042,2.0228851611106077e-05,0.9999797711483908
2021-05-31,110.52205452774153,4.04743205690628e-06,0.999995952567945
2021-06-01,110.61080730861305,2.4924648841933276e-06,0.9999975075351177
2021-06-02,110.69990468445847,9.734740843040476e-06,0.9999902652591589
2021-06-03,110.7893466552778,1.43350557194478e-05,0.9999856649442823
2021-06-04,110.87913322107103,2.1837376466788537e-05,0.999978162623535
2021-06-07,111.15056048829413,4.417474281594152e-06,0.9999955825257203
2021-06-08,111.24172543398299,2.657704167269529e-06,0.9999973422958347
2021-06-09,111.33323497464573,1.0091037646657995e-05,0.9999899089623554
2021-06-10,111.4250891102824,1.4841821400424937e-05,0.9999851581786018
2021-06-11,111.51728784089296,2.3617308377933064e-05,0.9999763826916245
2021-06-14,111.79595160256807,4.835503651398797e-06,0.9999951644963511
2021-06-15,111.88952871307424,2.858693452165732e-06,0.9999971413065503
2021-06-16,111.98345041855433,1.0506157592770367e-05,0.9999894938424096
2021-06-17,112.07771671900832,1.5426797956872607e-05,0.9999845732020455
2021-06-18,112.17232761443621,2.558681918718149e-05,0.9999744131808153
2021-06-21,112.45822787056332,5.308108405486193e-06,0.9999946918915968
2021-06-22,112.55421714588682,3.1001749739268753e-06,0.9999968998250286
2021-06-23,112.65055101618424,1.0983932062389668e-05,0.99998901606794
2021-06-24,112.74722948145556,1.609046641025182e-05,0.999983909533592
2021-06-25,112.84425254170078,2.7729045643138586e-05,0.999972270954359
2021-06-28,113.13738929227989,5.8057191542323555e-06,0.9999941942808479
2021-06-29,113.23579073242074,3.3433532109933074e-06,0.9999966566467912
2021-06-30,113.33453676753551,1.1186424217588604e-05,0.9999888135757846
2021-07-01,113.43362739762416,1.6139666634572792e-05,0.9999838603333676
2021-07-02,113.53302547463319,2.807705344058048e-05,0.9999719229465617
2021-07-05,113.8316156130954,5.9562290930080276e-06,0.9999940437709093
2021-07-06,113.93124048034099,3.4382683406070847e-06,0.9999965617316616
2021-07-07,114.03091275813235,1.1304348329328283e-05,0.9999886956516727
2021-07-08,114.13063244646942,1.6050905060561747e-05,0.9999839490949416
2021-07-09,114.23039954535226,2.7619129682775777e-05,0.9999723808703193
2021-07-12,114.52998530527535,5.8477686212726766e-06,0.9999941522313807
2021-07-13,114.6299420463412,3.3804661373653837e-06,0.9999966195338645
2021-07-14,114.72994619795281,1.1214932770261194e-05,0.9999887850672319
2021-07-15,114.8299977601102,1.5933000467618814e-05,0.9999840669995343
2021-07-16,114.93009673281333,2.7269788176107577e-05,0.9999727302118256
2021-07-19,115.23067811419726,5.761325927166379e-06,0.9999942386740747
2021-07-20,115.33096672908343,3.333435991992043e-06,0.9999966665640099
2021-07-21,115.43130275451534,1.1132020735725382e-05,0.9999888679792662
2021-07-22,115.531686190493,1.582121041856662e-05,0.9999841787895832
2021-07-23,115.63211703701644,2.6929893333171244e-05,0.9999730701066685
2021-07-26,115.93369403986122,5.677478636778156e-06,0.9999943225213649
2021-07-27,116.03431452856768,3.288122720412318e-06,0.9999967118772813
2021-07-28,116.13498242781988,1.105166191046237e-05,0.9999889483380912
2021-07-29,116.23569773761783,1.571267416781735e-05,0.9999842873258338
2021-07-30,116.33646045796155,2.659787531096141e-05,0.9999734021246907
2021-08-02,116.63903308226719,5.595860628143594e-06,0.9999944041393736
2021-08-03,116.73998544479392,3.244329278656465e-06,0.9999967556707232
2021-08-04,116.84098521786645,1.0973706667464372e-05,0.9999890262933345
2021-08-05,116.94203240148465,1.5607237949070415e-05,0.9999843927620529
2021-08-06,117.04312699564866,2.627347570976687e-05,0.9999737265242921
2021-08-09,117.3466952414152,5.516389380134145e-06,0.9999944836106216
2021-08-10,117.4479794777622,3.201995831801916e-06,0.9999967980041699
2021-08-11,117.549311124655,1.089806666280304e-05,0.9999891019333388
2021-08-12,117.65069018209354,1.550479336089282e-05,0.9999844952066406
2021-08-13,117.75211665007782,2.5956464592880457e-05,0.9999740435354086
2021-08-16,118.0566805173052,5.4389899769754575e-06,0.9999945610100244
2021-08-17,118.15829662747251,3.1610672543196085e-06,0.999996838932747
2021-08-18,118.25996014818557,1.0824658279562303e-05,0.9999891753417218
2021-08-19,118.3616710794444,1.5405237166677423e-05,0.9999845947628346
2021-08-20,118.46342942124896,2.5646620968471028e-05,0.9999743533790327
2021-08-23,118.76898890993724,5.3635908281621754e-06,0.9999946364091729
2021-08-24,118.87093689392482,3.121491019720603e-06,0.9999968785089814
2021-08-25,118.97293228845815,1.0753401594630196e-05,0.9999892465984065
2021-08-26,119.07497509353729,1.530847047730589e-05,0.9999846915295236
2021-08-27,119.17706530916216,2.5343732115098093e-05,0.9999746562678858
2021-08-30,119.48362041931125,5.290123438412149e-06,0.9999947098765625
2021-08-31,119.58590027711915,3.0832170307873e-06,0.9999969167829703
2021-09-01,119.6882275454728,1.0684220175763626e-05,0.9999893157798253
2021-09-02,119.79060222437218,1.521439852609341e-05,0.9999847856014751
2021-09-03,119.89302431381732,2.5047593204832626e-05,0.9999749524067962
2021-09-06,120.20057504542733,5.218522247124091e-06,0.9999947814777539
2021-09-07,120.3031867770555,3.0461974868907247e-06,0.9999969538025139
2021-09-08,120.40584591922942,1.0617040901754065e-05,0.9999893829590992
2021-09-09,120.50855247194912,1.512293046390012e-05,0.999984877069537
2021-09-10,120.61130643521454,2.4758006947988113e-05,0.9999752419930529
2021-09-13,120.9198527882854,5.148724477724196e-06,0.9999948512755232
2021-09-14,121.02279639373387,3.0103867596835157e-06,0.9999969896132411
2021-09-15,121.12578740972809,1.0551793793395945e-05,0.9999894482062075
2021-09-16,121.22882583626804,1.5033979166802105e-05,0.9999849660208342
2021-09-17,121.33191167335379,2.4474783258703606e-05,0.9999755252167422
2021-09-20,121.64145364788548,5.080669996435677e-06,0.9999949193300043
2021-09-21,121.74472912715424,2.9757412767186447e-06,0.9999970242587239
2021-09-22,121.84805201696874,1.0488411854479486e-05,0.9999895115881463
2021-09-23,121.951422317329,1.4947461054317206e-05,0.9999850525389465
2021-09-24,122.05484002823502,2.4197738936960664e-05,0.9999758022610638
2021-09-27,122.3653776242276,5.014301179091861e-06,0.9999949856988216
2021-09-28,122.46898497731664,2.9422194120369748e-06,0.9999970577805886
2021-09-29,122.57263974095143,1.0426830921792951e-05,0.9999895731690789
2021-09-30,122.67634191513199,1.4863295917987178e-05,0.9999851367040828
2021-10-01,122.78009149985827,2.392669736723197e-05,0.9999760733026336
2021-10-04,123.09162471731173,4.949562785771924e-06,0.999995050437215
2021-10-05,123.19556394422104,2.9097813834637704e-06,0.9999970902186174
2021-10-06,123.29955058167614,1.0366989524090353e-05,0.9999896330104766
2021-10-07,123.40358462967696,1.4781406759737413e-05,0.999985218593241
2021-10-08,123.50766608822356,2.3661488232948844e-05,0.9999763385117679
2021-10-11,123.82019492713788,4.8864018427590136e-06,0.999995113598158
2021-10-12,123.92446602786747,2.8783891561066252e-06,0.9999971216108448
2021-10-13,124.02878453914285,1.0308828748897931e-05,0.9999896911712518
2021-10-14,124.13315046096398,1.4701719639103967e-05,0.9999852982803616
2021-10-15,124.23756379333084,2.3401947245654658e-05,0.9999765980527551
2021-10-18,124.55108825370603,4.824767531276445e-06,0.9999951752324694
2021-10-19,124.65569122825593,2.848006351626083e-06,0.999997151993649
2021-10-20,124.76034161335159,1.0252292116938113e-05,0.9999897477078838
2021-10-21,124.86503940899301,1.4624163528902372e-05,0.999985375836472
2021-10-22,124.96978461518016,2.3147915887374548e-05,0.9999768520841135
2021-10-25,125.2843046970162,4.764611082508009e-06,0.9999952353889184
2021-10-26,125.3892395453864,2.818598162900461e-06,0.9999971814018381
2021-10-27,125.49422180430233,1.0197325463759109e-05,0.9999898026745371
2021-10-28,125.59925147376404,1.4548670178895208e-05,0.9999854513298219
2021-10-29,125.7043285537715,2.2899241166595627e-05,0.9999771007588343
2021-11-01,126.01984425706839,4.7058856786197055e-06,0.9999952941143223
2021-11-02,126.12511097925886,2.7901312737160135e-06,0.9999972098687272
2021-11-03,126.23042511199509,1.0143876827871477e-05,0.9999898561231729
2021-11-04,126.3357866552771,1.4475173986872359e-05,0.9999855248260141
2021-11-05,126.44119560910484,2.2655775386342392e-05,0.9999773442246148
2021-11-08,126.7577069338626,4.648546359581031e-06,0.9999953514536414
2021-11-09,126.86330552987337,2.762573783516439e-06,0.9999972374262175
2021-11-10,126.96895153642988,1.0091896348324239e-05,0.9999899081036525
2021-11-11,127.07464495353216,1.4403611883404643e-05,0.9999855963881178
2021-11-12,127.1803857811802,2.2417375948831134e-05,0.9999775826240523
2021-11-15,127.49789272739882,4.592549960516903e-06,0.9999954074500405
2021-11-16,127.60382319722987,2.7358951694753393e-06,0.9999972641048315
2021-11-17,127.7098010776067,1.0041336474474469e-05,0.9999899586635265
2021-11-18,127.81582636852924,1.4333923879122893e-05,0.9999856660761218
2021-11-19,127.92189906999758,2.2183907639128272e-05,0.9999778160923617
2021-11-22,128.24040163767708,4.537857522114403e-06,0.9999954621424787
2021-11-23,128.3466639813284,2.7100694731859794e-06,0.9999972899305275
2021-11-24,128.4529737355255,9.992182383251868e-06,0.9999900078176174
2021-11-25,128.55933090026835,1.4266118500434681e-05,0.9999857338815001
2021-11-26,128.66573547555697,2.195548948961939e-05,0.9999780445105109
2021-11-29,128.98523366469732,4.484681345710617e-06,0.9999955153186549
2021-11-30,129.09182788216893,2.685399400655479e-06,0.9999973146006
2021-12-01,129.19846951018633,9.947518057328408e-06,0.9999900524819432
2021-12-02,129.3051585487495,1.4206882044431817e-05,0.999985793117956
2021-12-03,129.41189499785835,2.1757458105326438e-05,0.9999782425418952
2021-12-06,129.7323888084596,4.458455759382803e-06,0.9999955415442412
2021-12-07,129.8393148997515,2.6954452156535904e-06,0.9999973045547849
2021-12-08,129.9462884015892,1.0227649655206044e-05,0.9999897723503455
2021-12-09,130.05330931397262,1.4849003346427407e-05,0.9999851509966543
2021-12-10,130.1603776369018,2.4211665418375358e-05,0.9999757883345824
2021-12-13,130.48186706896388,7.081921722842383e-06,0.9999929180782782
2021-12-14,130.5891250340761,6.217102444920565e-06,0.999993782897556
2021-12-15,130.69643040973406,4.4273060325697116e-05,0.999955726939675
2021-12-16,130.80378319593777,8.876178794863044e-05,0.9999112382120522
2021-12-17,130.91118339268724,0.00030448796188262383,0.9996955120381184
2021-12-20,131.2336684462102,0.0002876127094830849,0.9997123872905179
2021-12-21,131.34125828514271,0.00038013380455326944,0.9996198661954477
2021-12-22,131.44889553462093,0.0036698017420087902,0.9963301982579922
2021-12-23,131.55658019464494,0.00798252309389128,0.9920174769061098
2021-12-24,131.6643122652147,0.030293267612812702,0.9697067323871882
2021-12-27,131.98779294019852,0.030286507031498305,0.9697134929685024
2021-12-28,132.0957146529513,0.04058007918203618,0.9594199208179647
2021-12-29,132.20368377624985,0.3965867200634671,0.6034132799365335
2021-12-30,132.31170031009412,1.0000000000000009,2.2338037194658544e-30
2021-12-31,131.1228501228501,1.0000000000000018,4.071401893742842e-69
2022-01-03,132.74424055092885,0.9999783221759299,2.167782407183019e-05
2022-01-04,132.85249413750194,0.9982004525143247,0.0017995474856768974
2022-01-05,132.96079513462075,0.7781648840747531,0.22183511592524846
2022-01-06,133.06914354228533,0.5066151576431861,0.49338484235681546
2022-01-07,133.17753936049567,0.19966626531800408,0.8003337346819974
2022-01-10,133.5030112784012,0.041151925506731885,0.9588480744932697
2022-01-11,133.61159673879456,0.018153380582444128,0.9818466194175572
2022-01-12,133.72022960973368,0.0068976269407472176,0.9931023730592542
2022-01-13,133.82890989121856,0.004484128284079822,0.9955158717159215
2022-01-14,133.9376375832492,0.0017693251702180213,0.9982306748297836
2022-01-17,134.26410512261558,0.00036414074826808843,0.9996358592517334
2022-01-18,134.37302245682923,0.00016088221702296055,0.9998391177829786
2022-01-19,134.48198720158865,6.951053348057667e-05,0.999930489466521
2022-01-20,134.59099935689378,5.251234751548669e-05,0.9999474876524863
2022-01-21,134.70005892274472,3.532583340522242e-05,0.9999646741665964
2022-01-24,135.027522083572,7.190659257178552e-06,0.9999928093407444
2022-01-25,135.1367712916059,3.868085263006863e-06,0.9999961319147385
2022-01-26,135.24606791018562,1.011553661682117e-05,0.9999898844633849
2022-01-27,135.35541193931104,1.4057760530584052e-05,0.9999859422394711
2022-01-28,135.46480337898225,2.0220115153837454e-05,0.9999797798848479
2022-01-31,135.79326216127038,4.080499689814596e-06,0.9999959195003119
2022-02-01,135.9028432431246,2.504268305367411e-06,0.9999974957316964
2022-02-02,136.01247173552457,9.57124594378067e-06,0.999990428754058
2022-02-03,136.1221476384703,1.3678506974381658e-05,0.9999863214930272
2022-02-04,136.2318709519618,1.9906978351347553e-05,0.9999800930216503
2022-02-07,136.5613253557108,4.011917540467054e-06,0.9999959880824612
2022-02-08,136.6712383113853,2.474842313034108e-06,0.9999975251576887
2022-02-09,136.78119867760557,9.530360073398512e-06,0.9999904696399283
2022-02-10,136.89120645437163,1.3624580396275047e-05,0.9999863754196056
2022-02-11,137.00126164168339,1.972238378192952e-05,0.9999802776162197
2022-02-14,137.33171166689323,3.9699050569617394e-06,0.9999960300949445
2022-02-15,137.44195649638806,2.4572188036059763e-06,0.999997542781198
2022-02-16,137.5522487364286,9.494629988339366e-06,0.9999905053700132
2022-02-17,137.6625883870149,1.3574623416812965e-05,0.9999864253765848
2022-02-18,137.77297544814695,1.9542327221807908e-05,0.9999804576727799
2022-02-21,138.1044210948177,3.928989763411269e-06,0.999996071010238
2022-02-22,138.2149977981328,2.4402487048071034e-06,0.9999975597512964
2022-02-23,138.32562191199364,9.459849760961255e-06,0.9999905401502404
2022-02-24,138.43629343640023,1.352591375650737e-05,0.9999864740862449
2022-02-25,138.54701237135257,1.936569336604786e-05,0.9999806343066353
2022-02-28,138.87945363948418,3.888936169522717e-06,0.9999961110638319
2022-03-01,138.99036221661956,2.4238233121013753e-06,0.999997576176689
2022-03-02,139.1013182043007,9.425958129825029e-06,0.9999905740418714
2022-03-03,139.21232160252757,1.3478394412251227e-05,0.9999865216055889
2022-03-04,139.32337241130023,1.919238962165488e-05,0.9999808076103794
2022-03-07,139.65680930089266,3.849718869731277e-06,0.9999961502811314
2022-03-08,139.7680497518483,2.407925818084018e-06,0.9999975920741833
2022-03-09,139.87933761334975,9.39292892963905e-06,0.9999906070710716
2022-03-10,139.99067288539695,1.3432031453007333e-05,0.9999865679685483
2022-03-11,140.10205556798982,1.9022334290959218e-05,0.9999809776657106
2022-03-14,140.4364880790432,3.811314981205113e-06,0.99999618868502
2022-03-15,140.5480604038191,2.392540749071887e-06,0.9999976074592523
2022-03-16,140.65968013914082,9.360737190638502e-06,0.9999906392628107
2022-03-17,140.77134728500826,1.3386792270082246e-05,0.9999866132077311
2022-03-18,140.88306184142152,1.88554482261393e-05,0.999981144551775
2022-03-21,141.2184899739357,3.773702419454124e-06,0.9999962262975816
2022-03-22,141.33039417253192,2.377653203532765e-06,0.9999976223467973
2022-03-23,141.44234578167394,9.329358825901482e-06,0.999990670641175
2022-03-24,141.55434480136168,1.3342645356037224e-05,0.9999866573546449
2022-03-25,141.66639123159518,1.8691654673513268e-05,0.9999813083453274
2022-03-28,142.00281498557024,3.7368598526970846e-06,0.9999962631401482
2022-03-29,142.11505105798676,2.3632488215150774e-06,0.9999976367511795
2022-03-30,142.22733454094904,9.298770592601593e-06,0.9999907012294085
2022-03-31,142.3396654344571,1.3299560259477848e-05,0.9999867004397416
2022-04-01,142.45204373851087,1.8530879185701188e-05,0.9999814691208154
2022-04-04,142.7894631139468,3.70076667090746e-06,0.9999962992333301
2022-04-05,142.90203106018362,2.3493137610317946e-06,0.9999976506862399
2022-04-06,143.0146464169662,9.268950056996156e-06,0.9999907310499438
2022-04-07,143.1273091842945,1.3257507543175323e-05,0.9999867424924576
2022-04-08,143.2400193621686,1.8373049539023825e-05,0.9999816269504616
2022-04-11,143.57843435906537,3.665402956618786e-06,0.999996334597044
2022-04-12,143.69133417912246,2.335834675745867e-06,0.9999976641653249
2022-04-13,143.80428140972532,9.239875561214294e-06,0.9999907601244395
2022-04-14,143.91727605087394,1.3216458744178017e-05,0.9999867835412568
2022-04-15,144.0303181025683,1.8218095654147046e-05,0.9999817819043467
2022-04-18,144.36972872092596,3.6307494570561726e-06,0.9999963692505439
2022-04-19,144.48296041480336,2.3227986937303387e-06,0.9999976772013074
2022-04-20,144.59623951922651,9.211526191512651e-06,0.9999907884738095
2022-04-21,144.7095660341954,1.3176386335697061e-05,0.9999868236136653
2022-04-22,144.82293995971006,1.806594951954812e-05,0.9999819340504814
2022-04-25,145.16334619952855,3.5967875575126333e-06,0.9999964032124433
2022-04-26,145.27690976722624,2.31019339728495e-06,0.9999976898066036
2022-04-27,145.3905207454697,9.1838817481549e-06,0.9999908161182526
2022-04-28,145.50417913425886,1.3137263690811563e-05,0.9999868627363098
2022-04-29,145.6178849335938,1.7916545119032673e-05,0.9999820834548817
2022-05-02,145.95928679487318,3.563499256095098e-06,0.9999964365007449
2022-05-03,146.07318223639115,2.298006803761867e-06,0.9999977019931972
2022-05-04,146.18712508845488,9.1569227166046e-06,0.9999908430772843
2022-05-05,146.30111535106434,1.3099065047696976e-05,0.9999869009349532
2022-05-06,146.4151530242196,1.776981836148273e-05,0.9999822301816392
2022-05-09,146.75755050695983,3.530867139513963e-06,0.9999964691328612
2022-05-10,146.87177782229807,2.286227347285672e-06,0.9999977137726535
2022-05-11,146.9860525481821,9.130630239982814e-06,0.999990869369761
2022-05-12,147.10037468461184,1.3061765476409182e-05,0.9999869382345248
2022-05-13,147.2147442315874,1.762570701375041e-05,0.9999823742929872
2022-05-16,147.5581373357885,3.498874360038122e-06,0.999996501125641
2022-05-17,147.672696524947,2.2748438613989317e-06,0.9999977251561397
2022-05-18,147.78730312465132,9.104986093036337e-06,0.9999908950139079
2022-05-19,147.90195713490138,1.3025340847296796e-05,0.9999869746591538
2022-05-20,148.0166585556972,1.748415063642456e-05,0.9999825158493646
2022-05-23,148.36104728135913,3.4675046135083646e-06,0.9999965324953874
2022-05-24,148.475938344338,2.2638455625095163e-06,0.9999977361544385
2022-05-25,148.59087681786258,9.079972657018075e-06,0.9999909200273441
2022-05-26,148.70586270193294,1.2989767800659522e-05,0.9999870102322007
2022-05-27,148.820895996549,1.7345090522076323e-05,0.9999826549094795
2022-05-30,149.16628034367184,3.4367421183553144e-06,0.9999965632578832
2022-05-31,149.281503280471,2.2532220341604454e-06,0.9999977467779675
2022-06-01,149.39677362781583,9.055572895646125e-06,0.9999909444271061
2022-06-02,149.51209138570647,1.295502371707761e-05,0.9999870449762845
2022-06-03,149.62745655414284,1.7208469633221914e-05,0.9999827915303685
2022-06-06,149.97383652272657,3.4065715929868133e-06,0.9999965934284086
2022-06-07,150.08939133334596,2.2429632081721932e-06,0.9999977570367936
2022-06-08,150.20499355451113,9.031770289131026e-06,0.9999909682297127
2022-06-09,150.32064318622204,1.2921086588647826e-05,0.9999870789134131
2022-06-10,150.4363402284787,1.7074232145886488e-05,0.9999829257678559
2022-06-13,150.7837158185233,3.376977836473356e-06,0.9999966230221655
2022-06-14,150.89960250296298,2.2330587312697463e-06,0.9999977669412704
2022-06-15,151.01553659794843,9.008541755757835e-06,0.9999909914582461
2022-06-16,151.13151810347964,1.2887918395480417e-05,0.9999871120816063
2022-06-17,151.24754701955658,1.694225767205257e-05,0.9999830577423297
2022-06-20,151.595918231062,3.3478799310402602e-06,0.9999966521200704
2022-06-21,151.712136789322,2.2233955447508283e-06,0.9999977766044568
2022-06-22,151.82840275812774,8.984684693085748e-06,0.9999910153153084
2022-06-23,151.94471613747925,1.2852698601950755e-05,0.9999871473013997
2022-06-24,152.0610769273765,1.680139070618443e-05,0.9999831986092955
2022-06-27,152.41044376034276,3.308150961435916e-06,0.9999966918490404
2022-06-28,152.52699419242305,2.196553469159885e-06,0.9999978034465327
2022-06-29,152.64359203504907,8.759820903626412e-06,0.9999912401790982
2022-06-30,152.76023728822085,1.233309400189336e-05,0.9999876669059999
2022-07-01,152.8769299519384,1.5446003580060887e-05,0.9999845539964217
2022-07-04,153.2243772118703,3.0602079756311642e-06,0.9999969397920262
2022-07-05,153.33899214427447,2.143245299966507e-06,0.9999978567547019
2022-07-06,153.45300666622552,8.63638574798833e-06,0.9999913636142536
2022-07-07,153.56642077772335,1.1810648740114387e-05,0.9999881893512615
2022-07-08,153.679234478768,1.3523208334320882e-05,0.9999864767916673
2022-07-11,154.0140731191828,2.653543203671438e-06,0.9999973464567978
2022-07-12,154.12448517841466,2.0526960814484937e-06,0.9999979473039201
2022-07-13,154.23429682719336,8.425418169445487e-06,0.9999915745818322
2022-07-14,154.3435080655188,1.152642393717949e-05,0.9999884735760646
2022-07-15,154.45211889339112,1.2195221103441909e-05,0.9999878047788984
2022-07-18,154.77434891428882,2.3724349503298904e-06,0.9999976275650514
2022-07-19,154.8805581003483,2.0328991603522573e-06,0.9999979671008412
2022-07-20,154.98616687595464,8.287719575054185e-06,0.9999917122804266
2022-07-21,155.09117524110775,1.1329025118935475e-05,0.9999886709748826
2022-07-22,155.19558319580764,1.1115669815479001e-05,0.9999888843301861
2022-07-25,155.50520459718825,2.1491726199780016e-06,0.9999978508273817
2022-07-26,155.6072109100754,2.0558934808615335e-06,0.999997944106521
2022-07-27,155.70861681250935,8.202084189534022e-06,0.9999917979158122
2022-07-28,155.80942230449008,1.1194353162956465e-05,0.9999888056468387
2022-07-29,155.90962738601766,1.0233439116926331e-05,0.9999897665608848
2022-08-01,156.20664016788118,1.9716072180199193e-06,0.9999980283927837
2022-08-02,156.30444360759597,2.114980200248613e-06,0.9999978850198015
2022-08-03,156.40164663685755,8.157768850847576e-06,0.9999918422311509
2022-08-04,156.4982492556659,1.1107244029454e-05,0.9999888927559722
2022-08-05,156.59425146402114,9.510817229473423e-06,0.9999904891827721
2022-08-08,156.8786556263675,1.8312577632177581e-06,0.9999981687422385
2022-08-09,156.97225619290992,2.2056865685031675e-06,0.9999977943134332
2022-08-10,157.06525634899916,8.14706803401445e-06,0.9999918529319677
2022-08-11,157.1576560946352,1.1056392077903304e-05,0.9999889436079237
2022-08-12,157.24945542981803,8.919130664349504e-06,0.9999910808693371
2022-08-15,157.52125097264735,1.7221726616478572e-06,0.9999982778273399
2022-08-16,157.6106486660174,2.325028955155891e-06,0.9999976749710463
2022-08-17,157.69944594893423,8.164371236434473e-06,0.9999918356287651
2022-08-18,157.78764282139792,1.103323347014386e-05,0.9999889667665312
2022-08-19,157.8752392834084,8.436393452656166e-06,0.9999915636065487
2022-08-22,158.1344262067206,1.6403212082236915e-06,0.9999983596787932
2022-08-23,158.21962102691833,2.471086173360062e-06,0.9999975289138283
2022-08-24,158.30421543666282,8.205554457152105e-06,0.9999917944455442
2022-08-25,158.3882094359541,1.1031200049531492e-05,0.999988968799952
2022-08-26,158.4716030247922,8.045651927209133e-06,0.9999919543480742
2022-08-29,158.71818132858732,1.5832038951718606e-06,0.9999984167961061
2022-08-30,158.79917327561267,2.642718910000006e-06,0.9999973572810914
2022-08-31,158.87956481218478,8.267569025230644e-06,0.999991732430976
2022-09-01,158.95935593830373,1.1045204921743672e-05,0.9999889547950793
2022-09-02,159.0385466539695,7.733800519015858e-06,0.9999922661994821
2022-09-05,159.27251633824753,1.5496099615829518e-06,0.9999984503900397
2022-09-06,159.3493054121005,2.8393829016065827e-06,0.9999971606170996
2022-09-07,159.42549407550024,8.348159062976194e-06,0.9999916518409383
2022-09-08,159.50108232844684,1.1071281839978969e-05,0.9999889287181614
2022-09-09,159.5760701709402,7.490724877395885e-06,0.9999925092751241
2022-09-12,159.79743123570114,1.5394781999957531e-06,0.9999984605218016
2022-09-13,159.87001743638172,3.0610039759912603e-06,0.9999969389960256
2022-09-14,159.9420032266091,8.445664602308716e-06,0.9999915543353992
2022-09-15,160.01338860638336,1.1106328907103093e-05,0.9999888936710943
2022-09-16,160.08417357570437,7.3086769224346795e-06,0.9999926913230791
2022-09-19,160.29292602094824,1.5538330889704169e-06,0.9999984461669126
2022-09-20,160.3613093484565,3.307894933808298e-06,0.9999966921050678
2022-09-21,160.42909226551149,8.558882830740134e-06,0.9999914411171709
2022-09-22,160.49627477211334,1.1147924458737235e-05,0.9999888520755429
2022-09-23,160.56285686826197,7.181817378588142e-06,0.999992818182623
2022-09-26,160.75900069398875,1.5947781166840104e-06,0.999998405221885
2022-09-27,160.82318114832464,3.580701376276092e-06,0.9999964192986255
2022-09-28,160.88676119220733,8.68696949058398e-06,0.999991313030511
2022-09-29,160.9497408256368,1.11941938754971e-05,0.9999888058061263
2022-09-30,161.01212004861307,7.105881645870237e-06,0.9999928941183561
2022-10-03,161.19565525482278,1.665534229423879e-06,0.9999983344657724
2022-10-04,161.2556328359863,3.8803679732297805e-06,0.9999961196320285
2022-10-05,161.31501000669658,8.82936848269592e-06,0.9999911706315191
2022-10-06,161.3737867669537,1.1243713062071273e-05,0.9999887562869396
2022-10-07,161.4319631167576,7.077938503036657e-06,0.9999929220614985
2022-10-10,161.60288970345022,1.770515115044613e-06,0.9999982294848866
2022-10-11,161.65866441144135,4.208119417232849e-06,0.9999957918805844
2022-10-12,161.7138387089793,8.985761606806929e-06,0.9999910142383949
2022-10-13,161.76841259606405,1.1295438918935017e-05,0.9999887045610828
2022-10-14,161.82238607269562,7.096220507323611e-06,0.9999929037794945
2022-10-17,161.9807040398711,1.9154333499418105e-06,0.9999980845666517
2022-10-18,162.03227587468987,4.565452060365568e-06,0.9999954345479413
2022-10-19,162.08324729905547,9.156032918368767e-06,0.9999908439670833
2022-10-20,162.13361831296785,1.1348660213194646e-05,0.9999886513397883
2022-10-21,162.18338891642702,7.160011555254717e-06,0.9999928399884462
2022-10-24,162.32909826408545,2.1074327983855013e-06,0.9999978925672032
2022-10-25,162.3764672257319,4.954133355848678e-06,0.9999950458666457
2022-10-26,162.4232357769251,9.340243881531378e-06,0.9999906597561201
2022-10-27,162.46940391766512,1.1402964373842147e-05,0.9999885970356278
2022-10-28,162.51497164795194,7.269581858139249e-06,0.9999927304181436
2022-10-31,162.6480723760933,2.3552433611588686e-06,0.9999976447566407
2022-11-01,162.6912384645673,5.376206954315189e-06,0.9999946237930475
2022-11-02,162.73380414258816,9.538616654931466e-06,0.9999904613833469
2022-11-03,162.7757694101558,1.1458217237010137e-05,0.9999885417827648
2022-11-04,162.81713426727026,7.426164195953567e-06,0.9999925738358059
2022-11-07,162.93762637589452,2.66935441947357e-06,0.9999973306455824
2022-11-08,162.9765895911962,5.834001774114876e-06,0.9999941659982275
2022-11-09,163.0149523960447,9.751523649217479e-06,0.9999902484763525
2022-11-10,163.05271479044,1.1514553869652845e-05,0.999988485446132
2022-11-11,163.08987677438208,7.631968174648483e-06,0.999992368031827
2022-11-14,163.19776026348924,3.0622032370849607e-06,0.9999969377967645
2022-11-15,163.23252060561853,6.330143667999925e-06,0.9999936698563335
2022-11-16,163.26668053729466,9.97948206697779e-06,0.9999900205179346
2022-11-17,163.3002400585176,1.1572379452987872e-05,0.9999884276205485
2022-11-18,163.33319916928735,7.89023163380905e-06,0.9999921097683677
2022-11-21,163.42847403887737,3.5483742572308282e-06,0.9999964516257444
2022-11-22,163.4590315078343,6.867568502171179e-06,0.9999931324314996
2022-11-23,163.4889885663381,1.0223152556519873e-05,0.999989776847445
2022-11-24,163.51834521438866,1.1632379911564986e-05,0.9999883676200901
2022-11-25,163.54710145198607,8.205310567547121e-06,0.9999917946894342
2022-11-28,163.62976770205898,4.144804730262267e-06,0.9999958551952716
2022-11-29,163.6561222978436,7.449535592599475e-06,0.9999925504644095
2022-11-30,163.681876483175,1.0483341444133358e-05,0.999989516658558
2022-12-01,163.70703025805318,1.169554262879449e-05,0.9999883044573733
2022-12-02,163.73158362247824,8.582811230005609e-06,0.9999914171887723
2022-12-05,163.80164125303403,4.870991782619654e-06,0.9999951290082194
2022-12-06,163.8237929756463,8.079642582860066e-06,0.999991920357419
2022-12-07,163.84534428780532,1.0761019004980775e-05,0.9999892389809971
2022-12-08,163.86629518951116,1.1763246203426706e-05,0.9999882367537988
2022-12-09,163.8866456807638,9.030049831078345e-06,0.9999909699501711
2022-12-12,163.94409469180255,5.75007281656767e-06,0.9999942499271854
2022-12-13,163.96204354124242,8.767672742896498e-06,0.9999912323272592
2022-12-14,163.9793919802291,1.109193413255062e-05,0.9999889080658695
2022-12-15,163.9961400087626,1.1997109496067736e-05,0.999988002890506
2022-12-16,164.01228762684283,1.032677235593841e-05,0.9999896732276463
2022-12-19,164.05712801836458,9.49697853994342e-06,0.9999905030214623
2022-12-20,164.07087399463208,2.6249062752882747e-05,0.9999737509372494
2022-12-21,164.08401956044636,0.00010621582832331571,0.9998937841716792
2022-12-22,164.0965647158075,0.00045500883899271993,0.9995449911610098
2022-12-23,164.10850946071542,0.0021476558929325886,0.9978523441070699
2022-12-26,164.14074123272,0.008254640178025895,0.9917453598219766
2022-12-27,164.15028433581512,0.04792656454057145,0.9520734354594312
2022-12-28,164.15922702845708,0.25925553070216756,0.7407444692978352
2022-12-29,164.1675693106458,1.0000000000000024,1.1876387067665034e-61
2022-12-30,165.87254901960785,1.0000000000000022,8.051136122051452e-32
2023-01-02,164.19493433486886,0.9999999999834726,1.6529607906808126e-11
2023-01-03,164.20027456479164,0.9999917858499094,8.214150092742435e-06
2023-01-04,164.20501438426123,0.22165137080516117,0.778348629194841
2023-01-05,164.2091537932776,0.04675830506814086,0.9532416949318615
2023-01-06,164.2126927918408,0.009387364298314422,0.9906126357016879
2023-01-09,164.21970732481122,0.001965003706188247,0.9980349962938139
2023-01-10,164.2208446815616,0.0004242800712767946,0.9995757199287253
2023-01-11,164.22138162785882,9.825355526886285e-05,0.9999017464447332
2023-01-12,164.22131816370288,2.9840069103833867e-05,0.9999701599308981
2023-01-13,164.2206542890937,1.6466283740114416e-05,0.9999835337162618
2023-01-16,164.215060202547,1.4208300622744905e-05,0.9999857916993791
2023-01-17,164.21199468612502,1.3281641750564714e-05,0.9999867183582513
2023-01-18,164.20832875924987,1.2903761087392164e-05,0.9999870962389145
2023-01-19,164.20406242192155,1.2400695084168865e-05,0.9999875993049177
2023-01-20,164.19919567414001,1.3822220042527187e-05,0.9999861777799592
2023-01-23,164.18099296807623,1.5848895867208492e-05,0.9999841511041345
2023-01-24,164.1737245784819,1.4214960355969883e-05,0.9999857850396457
2023-01-25,164.16585577843443,1.331213226737063e-05,0.9999866878677345
2023-01-26,164.15738656793368,1.2571812889957409e-05,0.9999874281871117
2023-01-27,164.14831694697978,1.5142094986817355e-05,0.9999848579050149
2023-01-30,164.11750562139892,1.8680070644027622e-05,0.9999813199293576
2023-01-31,164.10603435863223,1.5402368406507956e-05,0.9999845976315952
2023-02-01,164.09396268541235,1.3787127943007594e-05,0.9999862128720586
2023-02-02,164.0812906017393,1.2786364552844566e-05,0.9999872136354487
2023-02-03,164.06801810761303,1.6689009426736212e-05,0.9999833109905748
2023-02-06,164.0245981625151,2.195839583646238e-05,0.9999780416041649
2023-02-07,164.008924026576,1.6686426923645798e-05,0.9999833135730777
2023-02-08,163.9926494801838,1.4298102065133513e-05,0.9999857018979363
2023-02-09,163.97577452333834,1.3046748894706548e-05,0.9999869532511066
2023-02-10,163.95829915603974,1.850534663675595e-05,0.9999814946533647
2023-02-13,163.9022705914247,2.573567596931332e-05,0.999974264324032
2023-02-14,163.88239358231326,1.8074216147947763e-05,0.9999819257838534
2023-02-15,163.86191616274868,1.4848975488304073e-05,0.999985151024513
2023-02-16,163.84083833273084,1.336437629497934e-05,0.9999866356237064
2023-02-17,163.81916009225986,2.0645562516278142e-05,0.9999793544374851
2023-02-20,163.75052290812772,3.0067233279805614e-05,0.9999699327667216
2023-02-21,163.72644302584396,1.957325171425542e-05,0.999980426748287
2023-02-22,163.701762733107,1.5444398939741535e-05,0.9999845556010616
2023-02-23,163.67648202991683,1.3753483219294065e-05,0.999986246516782
2023-02-24,163.65060091627345,2.317745887264645e-05,0.9999768225411287
2023-02-27,163.56935511262427,3.5011466383223085e-05,0.9999649885336181
2023-02-28,163.54107235716808,2.1191464003451375e-05,0.999978808535998
2023-03-01,163.51218919125878,1.6089935821036512e-05,0.9999839100641804
2023-03-02,163.48270561489625,1.423192486782655e-05,0.9999857680751335
2023-03-03,163.45262162808052,2.6185896868984387e-05,0.9999738141031326
2023-03-06,163.35876720491416,4.062980465264234e-05,0.9999593701953486
2023-03-07,163.32628157628568,2.293728895229804e-05,0.999977062711049
2023-03-08,163.29319553720399,1.6792330210109867e-05,0.9999832076697912
2023-03-09,163.2595090876691,1.4822226918855268e-05,0.9999851777730825
2023-03-10,163.22522222768103,2.9777684315418407e-05,0.9999702223156859
2023-03-13,163.1187591849976,4.698680774355553e-05,0.9999530131922578
2023-03-14,163.08207068319675,2.481982696237531e-05,0.999975180173039
2023-03-15,163.04478177094268,1.755987428233739e-05,0.9999824401257189
2023-03-16,163.00689244823545,1.555298552458192e-05,0.9999844470144766
2023-03-17,162.96840271507497,3.408804872578307e-05,0.9999659119512754
2023-03-20,162.84933105287445,5.4150531687737526e-05,0.9999458494683133
2023-03-21,162.80843967790125,2.684910472557008e-05,0.9999731508952755
2023-03-22,162.7669478924748,1.8402915256801396e-05,0.9999815970847443
2023-03-23,162.72485569659517,1.6460744066633897e-05,0.9999835392559346
2023-03-24,162.68216309026238,3.928926955409106e-05,0.999960710730447
2023-03-27,162.55048280854479,6.219334096258758e-05,0.9999378066590386
2023-03-28,162.50538856039918,2.9036490253244282e-05,0.999970963509748
2023-03-29,162.4596939018004,1.9334559555102917e-05,0.9999806654404462
2023-03-30,162.41339883274844,1.759252798557467e-05,0.9999824074720156
2023-03-31,162.36650335324327,4.560227284950299e-05,0.9999543977271517
2023-04-03,162.22221445200856,7.119342854223658e-05,0.9999288065714589
2023-04-04,162.17291733069058,3.139533403593342e-05,0.9999686046659654
2023-04-05,162.12301979891944,2.0371657988978948e-05,0.9999796283420123
2023-04-06,162.0725218566951,1.9009295883895344e-05,0.9999809907041172
2023-04-07,162.02142350401758,5.331232292413495e-05,0.9999466876770768
2023-04-10,161.8645259832658,8.123742485219017e-05,0.999918762575149
2023-04-11,161.81102598877544,3.394194296333288e-05,0.9999660580570379
2023-04-12,161.756925583832,2.1536195168781762e-05,0.9999784638048321
2023-04-13,161.70222476843526,2.0790678266667172e-05,0.9999792093217342
2023-04-14,161.64692354258534,6.279042790227218e-05,0.9999372095720988
2023-04-17,161.47741740231646,9.242464960651013e-05,0.9999075753503945
2023-04-18,161.4197145346538,3.66970446698656e-05,0.9999633029553312
2023-04-19,161.36141125653788,2.2857266563210525e-05,0.999977142733438
2023-04-20,161.30250756796883,2.3041543821211463e-05,0.9999769584561797
2023-04-21,161.24300346894654,7.452278503275883e-05,0.9999254772149682
2023-04-24,161.0608887091606,0.0001048738156612114,0.9998951261843398
2023-04-25,160.99898296832555,3.968797873987253e-05,0.9999603120212612
2023-04-26,160.93647681703732,2.4373920323588827e-05,0.9999756260796774
2023-04-27,160.87337025529587,2.5901187398690473e-05,0.9999740988126026
2023-04-28,160.80966328310123,8.915164537763541e-05,0.9999108483546236
2023-05-01,160.61493990379816,0.00011873337597468521,0.9998812666240267
2023-05-02,160.54883128979077,4.295197534608501e-05,0.999957048024655
2023-05-03,160.48212226533016,2.6139289357056275e-05,0.9999738607106441
2023-05-04,160.41481283041637,2.9556322951750147e-05,0.9999704436770496
2023-05-05,160.34690298504938,0.00010753256207041864,0.999892467437931
2023-05-08,160.13957098622922,0.00013419728642597725,0.9998658027135754
2023-05-09,160.06925949904942,4.6541082061157864e-05,0.9999534589179403
2023-05-10,159.99834760141644,2.8226678863859106e-05,0.9999717733211375
2023-05-11,159.9268352933303,3.425966961557291e-05,0.9999657403303857
2023-05-12,159.85472257479097,0.0001308154001956056,0.9998691845998054
2023-05-15,159.63478195645368,0.0001515288600670117,0.999848471139934
2023-05-16,159.56026759610157,5.052963044495369e-05,0.9999494703695563
2023-05-17,159.48515282529624,3.0738670547031884e-05,0.9999692613294543
2023-05-18,159.40943764403772,4.0356876506879424e-05,0.9999596431234944
2023-05-19,159.333122052326,0.00016056021651925247,0.999839439783482
2023-05-22,159.10057281447163,0.00017109681961630742,0.9998289031803849
2023-05-23,159.02185558094718,5.502569579273299e-05,0.9999449743042084
2023-05-24,158.94253793696947,3.382097490340832e-05,0.9999661790250978
2023-05-25,158.86261988253852,4.832607778445784e-05,0.9999516739222167
2023-05-26,158.78210141765445,0.00019890497513025,0.9998010950248709
2023-05-29,158.53694356028305,0.0001934299775963912,0.9998065700224049
2023-05-30,158.4540234535862,6.0188985327175876e-05,0.9999398110146741
2023-05-31,158.3705029364361,3.768392800567289e-05,0.9999623160719955
2023-06-01,158.28638200883285,5.8836923643878636e-05,0.9999411630763573
2023-06-02,158.2016606707764,0.00024881143409259074,0.9997511885659086
2023-06-05,157.9438941938879,0.0002193008420976839,0.9997806991579036
2023-06-06,157.85677121401866,6.62593605748484e-05,0.9999337406394263
2023-06-07,157.76904782369624,4.263661450989995e-05,0.9999573633854911
2023-06-08,157.68072402292063,7.284026433872829e-05,0.9999271597356625
2023-06-09,157.59179981169183,0.0003144308430537763,0.9996855691569474
2023-06-12,157.32142471528618,0.0002498550809637653,0.9997501449190374
2023-06-13,157.2300988622446,7.360350036925068e-05,0.9999263964996317
2023-06-14,157.1381725987498,4.914245288981994e-05,0.9999508575471111
2023-06-15,157.04564592480185,9.170723293550484e-05,0.9999082927670655
2023-06-16,156.95251884040064,0.000401656718569017,0.999598343281432
2023-06-19,156.66953512447793,0.00028681553850695127,0.9997131844614939
2023-06-20,156.574006398264,8.279358871886335e-05,0.9999172064112819
2023-06-21,156.47787726159683,5.791245656295659e-05,0.9999420875434379
2023-06-22,156.3811477144765,0.00011745015972222084,0.9998825498402789
2023-06-23,156.28381775690298,0.0005189761489201195,0.9994810238510807
2023-06-26,155.98822542146317,0.00033281114607142516,0.9996671888539295
2023-06-27,155.88849382207684,9.47447187637597e-05,0.9999052552812371
2023-06-28,155.78816181223732,7.006705814845687e-05,0.9999299329418522
2023-06-29,155.6872293919446,0.000153083498410773,0.99984691650159
2023-06-30,155.58569656119872,0.0006788099841269345,0.9993211900158737
2023-07-03,155.2774956062418,0.00039192265911308654,0.9996080773408876
2023-07-04,155.17356113368314,0.00011096451734207019,0.9998890354826586
2023-07-05,155.06902625067124,8.742782657304111e-05,0.9999125721734279
2023-07-06,154.96389095720616,0.0002032336229187633,0.9997967663770821
2023-07-07,154.85815525328792,0.0008996792932972996,0.9991003207067038
2023-07-10,154.53734567881395,0.0004706211129258434,0.9995293788870753
2023-07-11,154.4292083330829,0.00013402727943389524,0.9998659727205671
2023-07-12,154.32047057689866,0.00011306661480420206,0.999886933385197
2023-07-13,154.2111324102612,0.0002752114749235738,0.9997247885250775
2023-07-14,154.10119383317058,0.0012098241094328278,0.9987901758905683
2023-07-17,153.76777563917952,0.0005794544231410845,0.9994205455768601
2023-07-18,153.6554354202761,0.00016852071983638467,0.9998314792801647
2023-07-19,153.5424947909195,0.00015239169725151373,0.9998476083027495
2023-07-20,153.42895375110967,0.00038099400443067046,0.9996190059955704
2023-07-21,153.31481230084668,0.0016535054038100167,0.9983464945961912
2023-07-24,152.96878548733852,0.0007362489694024961,0.9992637510305987
2023-07-25,152.85224239526275,0.00022304771153100277,0.9997769522884701
2023-07-26,152.7350988927338,0.00021542340183394325,0.999784576598167
2023-07-27,152.61735497975164,0.0005411133883575941,0.9994588866116433
2023-07-28,152.49901065631627,0.0023026046886247967,0.9976973953113761
2023-07-31,152.14037522329102,0.0009726261874465319,0.9990273738125547
2023-08-01,152.01962925804284,0.00031476311228018495,0.9996852368877208
2023-08-02,151.89828288234153,0.00032191739592932574,0.9996780826040719
2023-08-03,151.776336096187,0.0007929358220873954,0.9992070641779138
2023-08-04,151.6537888995793,0.0032797917731126483,0.9967202082268887
2023-08-07,151.28254484703692,0.0013486718164410388,0.9986513281835602
2023-08-08,151.15759600861642,0.00048076021043251435,0.9995192397895687
2023-08-09,151.0320467597427,0.0005142469557964649,0.9994857530442048
2023-08-10,150.9058971004158,0.0012108506378125054,0.9987891493621885
2023-08-11,150.77914703063576,0.004812613913620454,0.9951873860863807
2023-08-14,150.39529435857634,0.0019928856266884054,0.9980071143733127
2023-08-15,150.26614264698344,0.0008129819222608632,0.9991870180777401
2023-08-16,150.13639052493738,0.0008977583629624481,0.9991022416370385
2023-08-17,150.00603799243814,0.0019708467135275435,0.9980291532864733
2023-08-18,149.8750850494857,0.0074082278417454605,0.9925917721582554
2023-08-21,149.47862375790916,0.003255909520423445,0.9967440904795777
2023-08-22,149.34526917314392,0.00160772197877871,0.9983922780212223
2023-08-23,149.2113141779255,0.0018173179202112316,0.9981826820797899
2023-08-24,149.07675877225387,0.003639280812342992,0.996360719187658
2023-08-25,148.94160295612903,0.01264535627075515,0.9873546437292458
2023-08-28,148.53253304503545,0.0064823522317938465,0.9935176477682072
2023-08-29,148.39497558709786,0.004149953015406901,0.9958500469845941
2023-08-30,148.25681771870705,0.004761563383821069,0.99523843661618
2023-08-31,148.1180594398631,0.008544854245771363,0.9914551457542295
2023-09-01,147.9787007505659,0.02662612187727398,0.9733738781227268
2023-09-04,147.55702221995517,0.01745824783364074,0.9825417521663602
2023-09-05,147.41526188884524,0.014209639671358062,0.985790360328643
2023-09-06,147.27290114728208,0.01615769640870538,0.9838423035912955
2023-09-07,147.12993999526572,0.025626333889495777,0.9743736661105051
2023-09-08,146.9863784327962,0.06945739328527523,0.9305426067147258
2023-09-11,146.55209128266839,0.05587766682008869,0.9441223331799122
2023-09-12,146.40612807838605,0.05148105334792585,0.9485189466520751
2023-09-13,146.25956446365055,0.05679192242051831,0.9432080775794827
2023-09-14,146.11240043846186,0.07940529508882233,0.9205947049111787
2023-09-15,145.96463600281993,0.1820711173429888,0.817928882657012
2023-09-18,145.51774023317503,0.16224980750097262,0.8377501924990284
2023-09-19,145.36757415572035,0.15615380843936452,0.8438461915606363
2023-09-20,145.21680766781245,0.16658491596017777,0.8334150840398233
2023-09-21,145.06544076945138,0.20787898714306444,0.7921210128569365
2023-09-22,144.9134734606371,0.39348969004125534,0.6065103099587456
2023-09-25,144.45396907147511,0.3660779937662451,0.6339220062337556
2023-09-26,144.29960012084808,0.35708610001871066,0.6429138999812901
2023-09-27,144.14463075976784,0.3706835926241119,0.6293164073758889
2023-09-28,143.98906098823437,0.4224506944406693,0.5775493055593314
2023-09-29,143.83289080624775,0.6539816490579642,0.3460183509420363
2023-10-02,143.36077779756872,0.620249552011465,0.3797504479885354
2023-10-03,143.20220597376928,0.6075609694675531,0.3924390305324474
2023-10-04,143.04303373951666,0.6189575561408271,0.3810424438591734
2023-10-05,142.88326109481085,0.6624215340422289,0.33757846595777175
2023-10-06,142.72288803965188,0.8565815614204425,0.14341843857955816
2023-10-09,142.2381664114557,0.8206736197318751,0.1793263802681258
2023-10-10,142.07539171448389,0.8053343477141878,0.19466565228581323
2023-10-11,141.91201660705892,0.811604566856942,0.18839543314305882
2023-10-12,141.7480410891808,0.8378011786006022,0.16219882139939856
2023-10-13,141.58346516084939,0.9552928158359311,0.04470718416406975
2023-10-16,141.08613491313614,0.9209875158566755,0.07901248414332557
2023-10-17,140.919157342992,0.9049854698507482,0.0950145301492528
2023-10-18,140.75157936239466,0.9076339853903181,0.09236601460968297
2023-10-19,140.58340097134416,0.9219957942914014,0.07800420570859953
2023-10-20,140.4146221698404,0.987072943724362,0.012927056275638971
2023-10-23,139.90468330261007,0.9556730652229458,0.04432693477705536
2023-10-24,139.73350285929357,0.9401754675643085,0.05982453243569262
2023-10-25,139.56172200552388,0.9414830329860707,0.05851696701393055
2023-10-26,139.38934074130094,0.9511656295855764,0.0488343704144247
2023-10-27,139.21635906662488,0.995434920252915,0.004565079747086282
2023-10-30,138.69381157987743,0.9667777997254857,0.03322220027451559
2023-10-31,138.51842826338856,0.952023719858604,0.047976280141397355
2023-11-01,138.3424445364465,0.9530211407218312,0.04697885927817018
2023-11-02,138.16586039905124,0.9610892730190206,0.03891072698098077
2023-11-03,137.98867585120277,0.998056927325341,0.0019430726746601712
2023-11-06,137.45351974493826,0.971783170902603,0.028216829097398016
2023-11-07,137.273933555277,0.957723173401976,0.04227682659802481
2023-11-08,137.0937469551626,0.9586817833687562,0.041318216631244624
2023-11-09,136.91295994459497,0.9659343981430506,0.034065601856950255
2023-11-10,136.73157252357413,0.9991347718120616,0.0008652281879392521
2023-11-13,136.18380779779253,0.975021708911205,0.024978291088795984
2023-11-14,136.00001873495893,0.961612278077329,0.03838772192267199
2023-11-15,135.81562926167211,0.9626019819235719,0.03739801807642878
2023-11-16,135.63063937793214,0.9692484839513056,0.03075151604869524
2023-11-17,135.44504908373898,0.9996207576412195,0.0003792423587813881
2023-11-20,134.88467573844025,0.9775495427918525,0.022450457208148464
2023-11-21,134.69668380243428,0.9647880746585622,0.035211925341438605
2023-11-22,134.50809145597515,0.9658355622824408,0.0341644377175599
2023-11-23,134.31889869906277,0.9719510789055553,0.0280489210944454
2023-11-24,134.12910553169723,0.9998395585394623,0.0001604414605386634
2023-11-27,133.55612356688144,0.9797393537169051,0.020260646283095672
2023-11-28,133.36392875770312,0.9676481747259275,0.03235182527407317
2023-11-29,133.1711335380716,0.968765742940711,0.03123425705928965
2023-11-30,132.9777379079869,0.9743814883079616,0.025618511692039027
2023-12-01,132.78374186744895,0.999935129124036,6.487087596448909e-05
2023-12-04,132.19815128311606,0.9817498693116262,0.01825013068837401
2023-12-05,132.00175360076537,0.9703618066507138,0.02963819334928641
2023-12-06,131.80475550796146,0.9715543948629031,0.028445605137097332
2023-12-07,131.60715700470442,0.9766842312121384,0.02331576878786188
2023-12-08,131.40895809099413,0.9999751018455258,2.489815447427066e-05
2023-12-11,130.81075888714415,0.9836460931905048,0.01635390680949537
2023-12-12,130.6101583316211,0.9729954382973964,0.02700456170260381
2023-12-13,130.40895736564485,0.9742635257335198,0.025736474266480357
2023-12-14,130.2071559892154,0.9789156491687745,0.02108435083122553
2023-12-15,130.00475420233278,0.9999909870006745,9.012999325566318e-06
2023-12-18,129.3939463789657,0.9854631596256138,0.014536840374386217
2023-12-19,129.18914295027025,0.9755909921360042,0.024409007863995868
2023-12-20,128.98373911112165,0.9769334115316499,0.023066588468350063
2023-12-21,128.77773486151983,0.981116594539561,0.018883405460439096
2023-12-22,128.57113020146485,0.9999989271780269,1.07282197310082e-06
2023-12-25,127.94771375858068,0.9956287216189904,0.004371278381009314
2023-12-26,127.7387074567129,0.9931378534024979,0.006862146597501876
2023-12-27,127.52910074439193,0.9953711429085316,0.00462885709146811
2023-12-28,127.31889362161776,0.9999999999999082,9.165425862889282e-14
2023-12-29,126.47549019607843,0.9761753798674079,0.023824620132592022
